<?xml version='1.0' encoding='UTF-8'?>
<rdf:RDF xmlns:rdf="http://www.w3.org/1999/02/22-rdf-syntax-ns#" xmlns:dc="http://purl.org/dc/elements/1.1/" xmlns:dcterms="http://purl.org/dc/terms/" xmlns:foaf="http://xmlns.com/foaf/0.1/" xmlns:oac="http://www.openannotation.org/ns/" xmlns:cnt="http://www.w3.org/2008/content#">
  <Annotation xmlns="http://www.w3.org/ns/oa#" xmlns:rdf="http://www.w3.org/1999/02/22-rdf-syntax-ns#" rdf:about="http://data.perseus.org/perseids/annotations/984/1642/1889/139/2">
    <hasTarget xmlns="http://www.w3.org/ns/oa#" xmlns:rdf="http://www.w3.org/1999/02/22-rdf-syntax-ns#" rdf:resource="http://sosol.perseids.org/sosol/cts/getpassage/1642/urn:cts:pdlpsci:bodin.livrep.perseus-eng1:1"/>
    <motivatedBy xmlns="http://www.w3.org/ns/oa#" xmlns:rdf="http://www.w3.org/1999/02/22-rdf-syntax-ns#"/>
    <annotatedBy xmlns="http://www.w3.org/ns/oa#">
      <Person xmlns="http://xmlns.com/foaf/0.1/" xmlns:rdf="http://www.w3.org/1999/02/22-rdf-syntax-ns#" rdf:about="http://data.perseus.org/sosol/users/ClintPorte"/>
    </annotatedBy>
    <annotatedAt xmlns="http://www.w3.org/ns/oa#">2014-04-03T01:44:31+00:00</annotatedAt>
  </Annotation>
</rdf:RDF>