<?xml version='1.0' encoding='UTF-8'?>
<rdf:RDF xmlns:rdf="http://www.w3.org/1999/02/22-rdf-syntax-ns#" xmlns:dc="http://purl.org/dc/elements/1.1/" xmlns:dcterms="http://purl.org/dc/terms/" xmlns:foaf="http://xmlns.com/foaf/0.1/" xmlns:oac="http://www.openannotation.org/ns/" xmlns:cnt="http://www.w3.org/2008/content#">
  <Annotation xmlns="http://www.w3.org/ns/oa#" xmlns:rdf="http://www.w3.org/1999/02/22-rdf-syntax-ns#" rdf:about="http://data.perseus.org/collections/urn:cite:perseus:pdlcomm.1.1">
    <hasTarget xmlns="http://www.w3.org/ns/oa#" xmlns:rdf="http://www.w3.org/1999/02/22-rdf-syntax-ns#" rdf:resource=""/>
    <hasTarget xmlns="http://www.w3.org/ns/oa#" xmlns:rdf="http://www.w3.org/1999/02/22-rdf-syntax-ns#" rdf:resource="http://sosol.perseids.org/sosol/cts/getpassage/1360/urn:cts:pdlpsci:bodin.livrep.perseus-lat1:1.1"/>
    <hasBody xmlns="http://www.w3.org/ns/oa#">
      <ContentAsText xmlns="http://www.w3.org/2008/content#" xmlns:rdf="http://www.w3.org/1999/02/22-rdf-syntax-ns#" rdf:about="http://data.perseus.org/collections/urn:cite:perseus:pdlcomm.1.1/commentary">
        <type xmlns="http://www.w3.org/1999/02/22-rdf-syntax-ns#" xmlns:rdf="http://www.w3.org/1999/02/22-rdf-syntax-ns#" rdf:resource="http://purl.org/dc/dcmitype/Text"/>
        <format xmlns="http://purl.org/dc/elements/1.1/">text/plain</format>
        <language xmlns="http://purl.org/dc/elements/1.1/">eng</language>
      </ContentAsText>
    </hasBody>
    <annotatedBy xmlns="http://www.w3.org/ns/oa#">
      <Person xmlns="http://xmlns.com/foaf/0.1/" xmlns:rdf="http://www.w3.org/1999/02/22-rdf-syntax-ns#" rdf:about="http://data.perseus.org/sosol/users/ClintPorte"/>
    </annotatedBy>
    <motivatedBy xmlns="http://www.w3.org/ns/oa#" xmlns:rdf="http://www.w3.org/1999/02/22-rdf-syntax-ns#" rdf:resource="http://www.w3.org/ns/oa#commenting"/>
    <annotatedAt xmlns="http://www.w3.org/ns/oa#">2014-02-27T19:49:24+00:00</annotatedAt>
  </Annotation>
</rdf:RDF>